mrk,contig,pos,pool,year,gen,freq,n_reads,n_haps,n_eff,abund
5485,CONTIG14,105133,SN-1-02_S55,2002,a,0.1645,71,80,37.609271523178805,22420
5485,CONTIG14,105133,SN-1-07_S23,2007,a,0.581,33,80,23.353982300884955,62055
5485,CONTIG14,105133,SN-1-08_S24,2008,a,0.166,106,80,45.586021505376344,13656
5485,CONTIG14,105133,SN-1-09_S25,2009,a,0.1818,75,80,38.70322580645161,8791
5485,CONTIG14,105133,SN-1-10_S26,2010,a,0.2238,74,80,38.435064935064936,3956
5485,CONTIG14,105133,SN-1-13_S56,2013,a,0.2413,27,28,13.727272727272727,777
5485,CONTIG14,105133,SN-1-14_S27,2014,a,0.08522,80,80,39.99375,110574
5485,CONTIG14,105133,SN-1-97_S61,1997,a,0.3616,64,48,27.419642857142858,850
5485,CONTIG14,105133,SN-1-99_S28,1999,a,0.2193,35,80,24.339130434782607,3306
5485,CONTIG14,105133,SN-2-00_S29,2000,b,0.2167,40,80,26.658333333333335,24228
5485,CONTIG14,105133,SN-2-02_S30,2002,b,0.3423,74,80,38.435064935064936,4263
5485,CONTIG14,105133,SN-2-07_S31,2007,b,0.3291,89,80,42.124260355029584,5214
5485,CONTIG14,105133,SN-2-08_S32,2008,b,0.3762,104,80,45.21195652173913,3158
5485,CONTIG14,105133,SN-2-15_S34,2015,b,0.2848,51,80,31.137404580152673,2955
5485,CONTIG14,105133,SN-2-92_S35,1992,b,0.1538,76,80,38.967948717948715,19565
5485,CONTIG14,105133,SN-2-97_S37,1997,b,0.4287,24,38,14.693548387096774,246
5485,CONTIG14,105133,SN-2-99_S38,1999,b,0.4189,98,80,44.03932584269663,2613
6910,CONTIG14,246449,SN-1-02_S55,2002,a,0.7408,55,80,32.58518518518518,22420
6910,CONTIG14,246449,SN-1-07_S23,2007,a,0.9989,34,80,23.850877192982455,62055
6910,CONTIG14,246449,SN-1-08_S24,2008,a,0.7317,80,80,39.99375,13656
6910,CONTIG14,246449,SN-1-09_S25,2009,a,0.3858,63,80,35.23776223776224,8791
6910,CONTIG14,246449,SN-1-10_S26,2010,a,0.6717,74,80,38.435064935064936,3956
6910,CONTIG14,246449,SN-1-13_S56,2013,a,0.8204,12,28,8.375,777
6910,CONTIG14,246449,SN-1-14_S27,2014,a,0.6661,42,80,27.5327868852459,110574
6910,CONTIG14,246449,SN-1-97_S61,1997,a,0.3167,33,48,19.54320987654321,850
6910,CONTIG14,246449,SN-1-99_S28,1999,a,0.579,28,80,20.73148148148148,3306
6910,CONTIG14,246449,SN-2-00_S29,2000,b,0.49370000000000003,19,80,15.343434343434344,24228
6910,CONTIG14,246449,SN-2-02_S30,2002,b,0.5339,36,80,24.81896551724138,4263
6910,CONTIG14,246449,SN-2-07_S31,2007,b,0.6465,54,80,32.23134328358209,5214
6910,CONTIG14,246449,SN-2-08_S32,2008,b,0.6067,69,80,37.04026845637584,3158
6910,CONTIG14,246449,SN-2-15_S34,2015,b,0.5088,32,80,22.848214285714285,2955
6910,CONTIG14,246449,SN-2-92_S35,1992,b,0.6648,51,80,31.137404580152673,19565
6910,CONTIG14,246449,SN-2-97_S37,1997,b,0.4263,15,38,10.735849056603774,246
6910,CONTIG14,246449,SN-2-99_S38,1999,b,0.6435,65,80,35.855172413793106,2613
13980,CONTIG17,278122,SN-1-02_S55,2002,a,0.1232,79,80,39.742138364779876,22420
13980,CONTIG17,278122,SN-1-07_S23,2007,a,0.07377,53,80,31.872180451127818,62055
13980,CONTIG17,278122,SN-1-08_S24,2008,a,0.05777,119,80,47.834170854271356,13656
13980,CONTIG17,278122,SN-1-09_S25,2009,a,0.02838,124,80,48.622549019607845,8791
13980,CONTIG17,278122,SN-1-10_S26,2010,a,0.1614,109,80,46.13227513227513,3956
13980,CONTIG17,278122,SN-1-13_S56,2013,a,0.2703,24,28,12.903846153846153,777
13980,CONTIG17,278122,SN-1-14_S27,2014,a,0.02568,98,80,44.03932584269663,110574
13980,CONTIG17,278122,SN-1-97_S61,1997,a,0.2527,92,48,31.535714285714285,850
13980,CONTIG17,278122,SN-1-99_S28,1999,a,0.313,40,80,26.658333333333335,3306
13980,CONTIG17,278122,SN-2-00_S29,2000,b,0.07494,52,80,31.507575757575758,24228
13980,CONTIG17,278122,SN-2-02_S30,2002,b,0.143,68,80,36.75,4263
13980,CONTIG17,278122,SN-2-07_S31,2007,b,0.08387,81,80,40.24223602484472,5214
13980,CONTIG17,278122,SN-2-08_S32,2008,b,0.08962,109,80,46.13227513227513,3158
13980,CONTIG17,278122,SN-2-15_S34,2015,b,0.1378,42,80,27.5327868852459,2955
13980,CONTIG17,278122,SN-2-92_S35,1992,b,0.1197,65,80,35.855172413793106,19565
13980,CONTIG17,278122,SN-2-97_S37,1997,b,0.3372,25,38,15.063492063492063,246
13980,CONTIG17,278122,SN-2-99_S38,1999,b,0.05423,109,80,46.13227513227513,2613
14956,CONTIG18,32357,SN-1-02_S55,2002,a,0.1012,77,80,39.22929936305732,22420
14956,CONTIG18,32357,SN-1-07_S23,2007,a,0.1484,112,80,46.661458333333336,62055
14956,CONTIG18,32357,SN-1-08_S24,2008,a,0.1053,102,80,44.82967032967033,13656
14956,CONTIG18,32357,SN-1-09_S25,2009,a,0.05488,55,80,32.58518518518518,8791
14956,CONTIG18,32357,SN-1-10_S26,2010,a,0.08258,47,80,29.598425196850393,3956
14956,CONTIG18,32357,SN-1-13_S56,2013,a,0.1539,18,28,10.934782608695652,777
14956,CONTIG18,32357,SN-1-14_S27,2014,a,0.03062,77,80,39.22929936305732,110574
14956,CONTIG18,32357,SN-1-97_S61,1997,a,0.2949,92,48,31.535714285714285,850
14956,CONTIG18,32357,SN-1-99_S28,1999,a,0.1503,58,80,33.61594202898551,3306
14956,CONTIG18,32357,SN-2-00_S29,2000,b,0.2037,62,80,34.92253521126761,24228
14956,CONTIG18,32357,SN-2-02_S30,2002,b,0.2677,58,80,33.61594202898551,4263
14956,CONTIG18,32357,SN-2-07_S31,2007,b,0.3775,67,80,36.45578231292517,5214
14956,CONTIG18,32357,SN-2-08_S32,2008,b,0.1495,65,80,35.855172413793106,3158
14956,CONTIG18,32357,SN-2-15_S34,2015,b,0.1299,37,80,25.29059829059829,2955
14956,CONTIG18,32357,SN-2-92_S35,1992,b,0.3875,78,80,39.4873417721519,19565
14956,CONTIG18,32357,SN-2-97_S37,1997,b,0.4669,47,38,21,246
14956,CONTIG18,32357,SN-2-99_S38,1999,b,0.279,91,80,42.567251461988306,2613
20042,CONTIG18,704065,SN-1-02_S55,2002,a,0.1485,112,80,46.661458333333336,22420
20042,CONTIG18,704065,SN-1-07_S23,2007,a,0.03204,105,80,45.4,62055
20042,CONTIG18,704065,SN-1-08_S24,2008,a,0.2649,122,80,48.31188118811881,13656
20042,CONTIG18,704065,SN-1-09_S25,2009,a,0.2078,113,80,46.83419689119171,8791
20042,CONTIG18,704065,SN-1-10_S26,2010,a,0.264,85,80,41.2060606060606,3956
20042,CONTIG18,704065,SN-1-13_S56,2013,a,0.3663,28,28,13.982142857142858,777
20042,CONTIG18,704065,SN-1-14_S27,2014,a,0.1125,113,80,46.83419689119171,110574
20042,CONTIG18,704065,SN-1-97_S61,1997,a,0.2167,121,48,34.36094674556213,850
20042,CONTIG18,704065,SN-1-99_S28,1999,a,0.05062,60,80,34.27857142857143,3306
20042,CONTIG18,704065,SN-2-00_S29,2000,b,0.1079,63,80,35.23776223776224,24228
20042,CONTIG18,704065,SN-2-02_S30,2002,b,0.1543,95,80,43.42285714285714,4263
20042,CONTIG18,704065,SN-2-07_S31,2007,b,0.3232,109,80,46.13227513227513,5214
20042,CONTIG18,704065,SN-2-08_S32,2008,b,0.2423,109,80,46.13227513227513,3158
20042,CONTIG18,704065,SN-2-15_S34,2015,b,0.2659,51,80,31.137404580152673,2955
20042,CONTIG18,704065,SN-2-92_S35,1992,b,0.1474,86,80,41.43975903614458,19565
20042,CONTIG18,704065,SN-2-97_S37,1997,b,0.5385,37,38,18.733333333333334,246
20042,CONTIG18,704065,SN-2-99_S38,1999,b,0.2536,108,80,45.952127659574465,2613
36355,CONTIG23,68223,SN-1-02_S55,2002,a,0.288,95,80,43.42285714285714,22420
36355,CONTIG23,68223,SN-1-07_S23,2007,a,0.21560000000000001,86,80,41.43975903614458,62055
36355,CONTIG23,68223,SN-1-08_S24,2008,a,0.3538,119,80,47.834170854271356,13656
36355,CONTIG23,68223,SN-1-09_S25,2009,a,0.4072,96,80,43.63068181818182,8791
36355,CONTIG23,68223,SN-1-10_S26,2010,a,0.5787,98,80,44.03932584269663,3956
36355,CONTIG23,68223,SN-1-13_S56,2013,a,0.179,26,28,13.462962962962964,777
36355,CONTIG23,68223,SN-1-14_S27,2014,a,0.2642,70,80,37.32666666666667,110574
36355,CONTIG23,68223,SN-1-97_S61,1997,a,0.5002,93,48,31.652482269503547,850
36355,CONTIG23,68223,SN-1-99_S28,1999,a,0.4762,55,80,32.58518518518518,3306
36355,CONTIG23,68223,SN-2-00_S29,2000,b,0.1439,47,80,29.598425196850393,24228
36355,CONTIG23,68223,SN-2-02_S30,2002,b,0.3742,94,80,43.21264367816092,4263
36355,CONTIG23,68223,SN-2-07_S31,2007,b,0.2874,78,80,39.4873417721519,5214
36355,CONTIG23,68223,SN-2-08_S32,2008,b,0.4106,88,80,41.898809523809526,3158
36355,CONTIG23,68223,SN-2-15_S34,2015,b,0.4938,47,80,29.598425196850393,2955
36355,CONTIG23,68223,SN-2-92_S35,1992,b,0.3884,88,80,41.898809523809526,19565
36355,CONTIG23,68223,SN-2-97_S37,1997,b,0.6395,31,38,17.057971014492754,246
36355,CONTIG23,68223,SN-2-99_S38,1999,b,0.4389,107,80,45.77005347593583,2613
36363,CONTIG23,69365,SN-1-02_S55,2002,a,0.2854,82,80,40.48765432098765,22420
36363,CONTIG23,69365,SN-1-07_S23,2007,a,0.07495,65,80,35.855172413793106,62055
36363,CONTIG23,69365,SN-1-08_S24,2008,a,0.3915,110,80,46.310526315789474,13656
36363,CONTIG23,69365,SN-1-09_S25,2009,a,0.393,97,80,43.836158192090394,8791
36363,CONTIG23,69365,SN-1-10_S26,2010,a,0.5359,93,80,43,3956
36363,CONTIG23,69365,SN-1-13_S56,2013,a,0.1099,26,28,13.462962962962964,777
36363,CONTIG23,69365,SN-1-14_S27,2014,a,0.3185,61,80,34.60283687943262,110574
36363,CONTIG23,69365,SN-1-97_S61,1997,a,0.6162,123,48,34.52046783625731,850
36363,CONTIG23,69365,SN-1-99_S28,1999,a,0.3497,47,80,29.598425196850393,3306
36363,CONTIG23,69365,SN-2-00_S29,2000,b,0.3469,36,80,24.81896551724138,24228
36363,CONTIG23,69365,SN-2-02_S30,2002,b,0.3997,83,80,40.73006134969325,4263
36363,CONTIG23,69365,SN-2-07_S31,2007,b,0.3391,98,80,44.03932584269663,5214
36363,CONTIG23,69365,SN-2-08_S32,2008,b,0.3978,71,80,37.609271523178805,3158
36363,CONTIG23,69365,SN-2-15_S34,2015,b,0.3782,46,80,29.1984126984127,2955
36363,CONTIG23,69365,SN-2-92_S35,1992,b,0.326,105,80,45.4,19565
36363,CONTIG23,69365,SN-2-97_S37,1997,b,0.5732,33,38,17.64788732394366,246
36363,CONTIG23,69365,SN-2-99_S38,1999,b,0.5478,118,80,47.67171717171717,2613
62684,CONTIG28,397559,SN-1-02_S55,2002,a,0.404,87,80,41.67065868263473,22420
62684,CONTIG28,397559,SN-1-07_S23,2007,a,0.1248,62,80,34.92253521126761,62055
62684,CONTIG28,397559,SN-1-08_S24,2008,a,0.4854,117,80,47.50761421319797,13656
62684,CONTIG28,397559,SN-1-09_S25,2009,a,0.358,79,80,39.742138364779876,8791
62684,CONTIG28,397559,SN-1-10_S26,2010,a,0.2468,87,80,41.67065868263473,3956
62684,CONTIG28,397559,SN-1-13_S56,2013,a,0.2076,13,28,8.853658536585366,777
62684,CONTIG28,397559,SN-1-14_S27,2014,a,0.102,57,80,33.277372262773724,110574
62684,CONTIG28,397559,SN-1-97_S61,1997,a,0.3418,105,48,32.93464052287582,850
62684,CONTIG28,397559,SN-1-99_S28,1999,a,0.5571,38,80,25.75423728813559,3306
62684,CONTIG28,397559,SN-2-00_S29,2000,b,0.2764,49,80,30.37984496124031,24228
62684,CONTIG28,397559,SN-2-02_S30,2002,b,0.348,121,80,48.15422885572139,4263
62684,CONTIG28,397559,SN-2-07_S31,2007,b,0.4335,81,80,40.24223602484472,5214
62684,CONTIG28,397559,SN-2-08_S32,2008,b,0.4169,89,80,42.124260355029584,3158
62684,CONTIG28,397559,SN-2-15_S34,2015,b,0.3469,36,80,24.81896551724138,2955
62684,CONTIG28,397559,SN-2-92_S35,1992,b,0.2858,75,80,38.70322580645161,19565
62684,CONTIG28,397559,SN-2-97_S37,1997,b,0.4871,27,38,15.76923076923077,246
62684,CONTIG28,397559,SN-2-99_S38,1999,b,0.5926,99,80,44.24022346368715,2613
76908,CONTIG30,544938,SN-1-02_S55,2002,a,0.1915,66,80,36.157534246575345,22420
76908,CONTIG30,544938,SN-1-07_S23,2007,a,0.2062,66,80,36.157534246575345,62055
76908,CONTIG30,544938,SN-1-08_S24,2008,a,0.1137,129,80,49.3732057416268,13656
76908,CONTIG30,544938,SN-1-09_S25,2009,a,0.1876,120,80,47.995,8791
76908,CONTIG30,544938,SN-1-10_S26,2010,a,0.1631,120,80,47.995,3956
76908,CONTIG30,544938,SN-1-13_S56,2013,a,0.2757,27,28,13.727272727272727,777
76908,CONTIG30,544938,SN-1-14_S27,2014,a,0.1124,78,80,39.4873417721519,110574
76908,CONTIG30,544938,SN-1-97_S61,1997,a,0.5111,91,48,31.41726618705036,850
76908,CONTIG30,544938,SN-1-99_S28,1999,a,0.2724,28,80,20.73148148148148,3306
76908,CONTIG30,544938,SN-2-00_S29,2000,b,0.1611,48,80,29.9921875,24228
76908,CONTIG30,544938,SN-2-02_S30,2002,b,0.1766,94,80,43.21264367816092,4263
76908,CONTIG30,544938,SN-2-07_S31,2007,b,0.1694,98,80,44.03932584269663,5214
76908,CONTIG30,544938,SN-2-08_S32,2008,b,0.1086,117,80,47.50761421319797,3158
76908,CONTIG30,544938,SN-2-15_S34,2015,b,0.2296,42,80,27.5327868852459,2955
76908,CONTIG30,544938,SN-2-92_S35,1992,b,0.07384,66,80,36.157534246575345,19565
76908,CONTIG30,544938,SN-2-97_S37,1997,b,0.4615,18,38,12.196428571428571,246
76908,CONTIG30,544938,SN-2-99_S38,1999,b,0.172,108,80,45.952127659574465,2613
91540,CONTIG32,1956181,SN-1-02_S55,2002,a,0.1749,78,80,39.4873417721519,22420
91540,CONTIG32,1956181,SN-1-07_S23,2007,a,0.1842,74,80,38.435064935064936,62055
91540,CONTIG32,1956181,SN-1-08_S24,2008,a,0.2229,123,80,48.467980295566505,13656
91540,CONTIG32,1956181,SN-1-09_S25,2009,a,0.2193,116,80,47.34183673469388,8791
91540,CONTIG32,1956181,SN-1-10_S26,2010,a,0.2962,99,80,44.24022346368715,3956
91540,CONTIG32,1956181,SN-1-13_S56,2013,a,0.1338,14,28,9.30952380952381,777
91540,CONTIG32,1956181,SN-1-14_S27,2014,a,0.09742,80,80,39.99375,110574
91540,CONTIG32,1956181,SN-1-97_S61,1997,a,0.288,84,48,30.53787878787879,850
91540,CONTIG32,1956181,SN-1-99_S28,1999,a,0.2468,27,80,20.177570093457945,3306
91540,CONTIG32,1956181,SN-2-00_S29,2000,b,0.3674,42,80,27.5327868852459,24228
91540,CONTIG32,1956181,SN-2-02_S30,2002,b,0.3029,87,80,41.67065868263473,4263
91540,CONTIG32,1956181,SN-2-07_S31,2007,b,0.2329,88,80,41.898809523809526,5214
91540,CONTIG32,1956181,SN-2-08_S32,2008,b,0.3782,93,80,43,3158
91540,CONTIG32,1956181,SN-2-15_S34,2015,b,0.3703,39,80,26.210084033613445,2955
91540,CONTIG32,1956181,SN-2-92_S35,1992,b,0.2238,74,80,38.435064935064936,19565
91540,CONTIG32,1956181,SN-2-97_S37,1997,b,0.6201,21,38,13.508474576271187,246
91540,CONTIG32,1956181,SN-2-99_S38,1999,b,0.2519,97,80,43.836158192090394,2613
100703,CONTIG33,1190822,SN-1-02_S55,2002,a,0.2088,51,80,31.137404580152673,22420
100703,CONTIG33,1190822,SN-1-07_S23,2007,a,0.5121,26,80,19.61320754716981,62055
100703,CONTIG33,1190822,SN-1-08_S24,2008,a,0.307,118,80,47.67171717171717,13656
100703,CONTIG33,1190822,SN-1-09_S25,2009,a,0.2296,85,80,41.2060606060606,8791
100703,CONTIG33,1190822,SN-1-10_S26,2010,a,0.1867,73,80,38.16339869281046,3956
100703,CONTIG33,1190822,SN-1-13_S56,2013,a,0.1297,29,28,14.228070175438596,777
100703,CONTIG33,1190822,SN-1-14_S27,2014,a,0.08988,54,80,32.23134328358209,110574
100703,CONTIG33,1190822,SN-1-97_S61,1997,a,0.4369,73,48,28.950413223140497,850
100703,CONTIG33,1190822,SN-1-99_S28,1999,a,0.6286,32,80,22.848214285714285,3306
100703,CONTIG33,1190822,SN-2-00_S29,2000,b,0.1779,60,80,34.27857142857143,24228
100703,CONTIG33,1190822,SN-2-02_S30,2002,b,0.4415,84,80,40.96951219512195,4263
100703,CONTIG33,1190822,SN-2-07_S31,2007,b,0.4526,95,80,43.42285714285714,5214
100703,CONTIG33,1190822,SN-2-08_S32,2008,b,0.3827,79,80,39.742138364779876,3158
100703,CONTIG33,1190822,SN-2-15_S34,2015,b,0.4938,31,80,22.333333333333332,2955
100703,CONTIG33,1190822,SN-2-92_S35,1992,b,0.355,88,80,41.898809523809526,19565
100703,CONTIG33,1190822,SN-2-97_S37,1997,b,0.3827,27,38,15.76923076923077,246
100703,CONTIG33,1190822,SN-2-99_S38,1999,b,0.4869,70,80,37.32666666666667,2613
107115,CONTIG35,177411,SN-1-02_S55,2002,a,0.1851,95,80,43.42285714285714,22420
107115,CONTIG35,177411,SN-1-07_S23,2007,a,0.1066,73,80,38.16339869281046,62055
107115,CONTIG35,177411,SN-1-08_S24,2008,a,0.3255,90,80,42.34705882352941,13656
107115,CONTIG35,177411,SN-1-09_S25,2009,a,0.288,71,80,37.609271523178805,8791
107115,CONTIG35,177411,SN-1-10_S26,2010,a,0.06856,43,80,27.959349593495936,3956
107115,CONTIG35,177411,SN-1-13_S56,2013,a,0.08261,25,28,13.18867924528302,777
107115,CONTIG35,177411,SN-1-14_S27,2014,a,0.148,59,80,33.94964028776978,110574
107115,CONTIG35,177411,SN-1-97_S61,1997,a,0.4732,117,48,34.03030303030303,850
107115,CONTIG35,177411,SN-1-99_S28,1999,a,0.2323,50,80,30.76153846153846,3306
107115,CONTIG35,177411,SN-2-00_S29,2000,b,0.1039,56,80,32.93382352941177,24228
107115,CONTIG35,177411,SN-2-02_S30,2002,b,0.1824,91,80,42.567251461988306,4263
107115,CONTIG35,177411,SN-2-07_S31,2007,b,0.1466,73,80,38.16339869281046,5214
107115,CONTIG35,177411,SN-2-08_S32,2008,b,0.2598,56,80,32.93382352941177,3158
107115,CONTIG35,177411,SN-2-15_S34,2015,b,0.1211,56,80,32.93382352941177,2955
107115,CONTIG35,177411,SN-2-92_S35,1992,b,0.1278,53,80,31.872180451127818,19565
107115,CONTIG35,177411,SN-2-97_S37,1997,b,0.466,45,38,20.59036144578313,246
107115,CONTIG35,177411,SN-2-99_S38,1999,b,0.1558,94,80,43.21264367816092,2613
121608,CONTIG36,1126172,SN-1-02_S55,2002,a,0.1487,72,80,37.88815789473684,22420
121608,CONTIG36,1126172,SN-1-07_S23,2007,a,0.2551,88,80,41.898809523809526,62055
121608,CONTIG36,1126172,SN-1-08_S24,2008,a,0.05166,115,80,47.174358974358974,13656
121608,CONTIG36,1126172,SN-1-09_S25,2009,a,0.3254,87,80,41.67065868263473,8791
121608,CONTIG36,1126172,SN-1-10_S26,2010,a,0.04039,78,80,39.4873417721519,3956
121608,CONTIG36,1126172,SN-1-13_S56,2013,a,0.3475,24,28,12.903846153846153,777
121608,CONTIG36,1126172,SN-1-14_S27,2014,a,0.1285,68,80,36.75,110574
121608,CONTIG36,1126172,SN-1-97_S61,1997,a,0.2564,83,48,30.404580152671755,850
121608,CONTIG36,1126172,SN-1-99_S28,1999,a,0.1974,39,80,26.210084033613445,3306
121608,CONTIG36,1126172,SN-2-00_S29,2000,b,0.1132,60,80,34.27857142857143,24228
121608,CONTIG36,1126172,SN-2-02_S30,2002,b,0.2605,71,80,37.609271523178805,4263
121608,CONTIG36,1126172,SN-2-07_S31,2007,b,0.1037,94,80,43.21264367816092,5214
121608,CONTIG36,1126172,SN-2-08_S32,2008,b,0.08862,88,80,41.898809523809526,3158
121608,CONTIG36,1126172,SN-2-15_S34,2015,b,0.188,41,80,27.09917355371901,2955
121608,CONTIG36,1126172,SN-2-92_S35,1992,b,0.07793,75,80,38.70322580645161,19565
121608,CONTIG36,1126172,SN-2-97_S37,1997,b,0.5104,20,38,13.086206896551724,246
121608,CONTIG36,1126172,SN-2-99_S38,1999,b,0.2701,105,80,45.4,2613
126575,CONTIG36,2211401,SN-1-02_S55,2002,a,0.111,79,80,39.742138364779876,22420
126575,CONTIG36,2211401,SN-1-07_S23,2007,a,0.06644,59,80,33.94964028776978,62055
126575,CONTIG36,2211401,SN-1-08_S24,2008,a,0.1364,122,80,48.31188118811881,13656
126575,CONTIG36,2211401,SN-1-09_S25,2009,a,0.2785,116,80,47.34183673469388,8791
126575,CONTIG36,2211401,SN-1-10_S26,2010,a,0.2867,92,80,42.78488372093023,3956
126575,CONTIG36,2211401,SN-1-13_S56,2013,a,0.06564,34,28,15.338709677419354,777
126575,CONTIG36,2211401,SN-1-14_S27,2014,a,0.0955,61,80,34.60283687943262,110574
126575,CONTIG36,2211401,SN-1-97_S61,1997,a,0.1958,119,48,34.19760479041916,850
126575,CONTIG36,2211401,SN-1-99_S28,1999,a,0.1692,34,80,23.850877192982455,3306
126575,CONTIG36,2211401,SN-2-00_S29,2000,b,0.1096,53,80,31.872180451127818,24228
126575,CONTIG36,2211401,SN-2-02_S30,2002,b,0.258,87,80,41.67065868263473,4263
126575,CONTIG36,2211401,SN-2-07_S31,2007,b,0.0986,89,80,42.124260355029584,5214
126575,CONTIG36,2211401,SN-2-08_S32,2008,b,0.2671,84,80,40.96951219512195,3158
126575,CONTIG36,2211401,SN-2-15_S34,2015,b,0.1837,42,80,27.5327868852459,2955
126575,CONTIG36,2211401,SN-2-92_S35,1992,b,0.1712,74,80,38.435064935064936,19565
126575,CONTIG36,2211401,SN-2-97_S37,1997,b,0.4691,26,38,15.421875,246
126575,CONTIG36,2211401,SN-2-99_S38,1999,b,0.1794,109,80,46.13227513227513,2613
148164,CONTIG37,3446789,SN-1-02_S55,2002,a,0.09076,86,80,41.43975903614458,22420
148164,CONTIG37,3446789,SN-1-07_S23,2007,a,0.02753,89,80,42.124260355029584,62055
148164,CONTIG37,3446789,SN-1-08_S24,2008,a,0.2094,131,80,49.66350710900474,13656
148164,CONTIG37,3446789,SN-1-09_S25,2009,a,0.1524,122,80,48.31188118811881,8791
148164,CONTIG37,3446789,SN-1-10_S26,2010,a,0.1613,103,80,45.021857923497265,3956
148164,CONTIG37,3446789,SN-1-13_S56,2013,a,0.06471,35,28,15.53968253968254,777
148164,CONTIG37,3446789,SN-1-14_S27,2014,a,0.1953,90,80,42.34705882352941,110574
148164,CONTIG37,3446789,SN-1-97_S61,1997,a,0.3093,113,48,33.683229813664596,850
148164,CONTIG37,3446789,SN-1-99_S28,1999,a,0.3292,35,80,24.339130434782607,3306
148164,CONTIG37,3446789,SN-2-00_S29,2000,b,0.1601,36,80,24.81896551724138,24228
148164,CONTIG37,3446789,SN-2-02_S30,2002,b,0.2731,93,80,43,4263
148164,CONTIG37,3446789,SN-2-07_S31,2007,b,0.2626,93,80,43,5214
148164,CONTIG37,3446789,SN-2-08_S32,2008,b,0.282,104,80,45.21195652173913,3158
148164,CONTIG37,3446789,SN-2-15_S34,2015,b,0.1275,30,80,21.80909090909091,2955
148164,CONTIG37,3446789,SN-2-92_S35,1992,b,0.2363,70,80,37.32666666666667,19565
148164,CONTIG37,3446789,SN-2-97_S37,1997,b,0.4704,28,38,16.106060606060606,246
148164,CONTIG37,3446789,SN-2-99_S38,1999,b,0.2951,86,80,41.43975903614458,2613
149643,CONTIG37,3838894,SN-1-02_S55,2002,a,0.09403,83,80,40.73006134969325,22420
149643,CONTIG37,3838894,SN-1-07_S23,2007,a,0.03123,75,80,38.70322580645161,62055
149643,CONTIG37,3838894,SN-1-08_S24,2008,a,0.06578,119,80,47.834170854271356,13656
149643,CONTIG37,3838894,SN-1-09_S25,2009,a,0.2446,112,80,46.661458333333336,8791
149643,CONTIG37,3838894,SN-1-10_S26,2010,a,0.1644,77,80,39.22929936305732,3956
149643,CONTIG37,3838894,SN-1-13_S56,2013,a,0.07014,31,28,14.694915254237289,777
149643,CONTIG37,3838894,SN-1-14_S27,2014,a,0.1592,61,80,34.60283687943262,110574
149643,CONTIG37,3838894,SN-1-97_S61,1997,a,0.3358,104,48,32.83552631578947,850
149643,CONTIG37,3838894,SN-1-99_S28,1999,a,0.21,46,80,29.1984126984127,3306
149643,CONTIG37,3838894,SN-2-00_S29,2000,b,0.09672,50,80,30.76153846153846,24228
149643,CONTIG37,3838894,SN-2-02_S30,2002,b,0.116,84,80,40.96951219512195,4263
149643,CONTIG37,3838894,SN-2-07_S31,2007,b,0.2743,89,80,42.124260355029584,5214
149643,CONTIG37,3838894,SN-2-08_S32,2008,b,0.2443,100,80,44.43888888888889,3158
149643,CONTIG37,3838894,SN-2-15_S34,2015,b,0.1828,26,80,19.61320754716981,2955
149643,CONTIG37,3838894,SN-2-92_S35,1992,b,0.07608,64,80,35.548611111111114,19565
149643,CONTIG37,3838894,SN-2-97_S37,1997,b,0.3117,24,38,14.693548387096774,246
149643,CONTIG37,3838894,SN-2-99_S38,1999,b,0.3017,107,80,45.77005347593583,2613
151102,CONTIG37,4200610,SN-1-02_S55,2002,a,0.1678,99,80,44.24022346368715,22420
151102,CONTIG37,4200610,SN-1-07_S23,2007,a,0.0901,32,80,22.848214285714285,62055
151102,CONTIG37,4200610,SN-1-08_S24,2008,a,0.1567,106,80,45.586021505376344,13656
151102,CONTIG37,4200610,SN-1-09_S25,2009,a,0.09439,93,80,43,8791
151102,CONTIG37,4200610,SN-1-10_S26,2010,a,0.1366,64,80,35.548611111111114,3956
151102,CONTIG37,4200610,SN-1-13_S56,2013,a,0.05537,44,28,17.09722222222222,777
151102,CONTIG37,4200610,SN-1-14_S27,2014,a,0.1162,67,80,36.45578231292517,110574
151102,CONTIG37,4200610,SN-1-97_S61,1997,a,0.2707,122,48,34.44117647058823,850
151102,CONTIG37,4200610,SN-1-99_S28,1999,a,0.3579,68,80,36.75,3306
151102,CONTIG37,4200610,SN-2-00_S29,2000,b,0.07227,54,80,32.23134328358209,24228
151102,CONTIG37,4200610,SN-2-02_S30,2002,b,0.2493,98,80,44.03932584269663,4263
151102,CONTIG37,4200610,SN-2-07_S31,2007,b,0.2262,95,80,43.42285714285714,5214
151102,CONTIG37,4200610,SN-2-08_S32,2008,b,0.1518,64,80,35.548611111111114,3158
151102,CONTIG37,4200610,SN-2-15_S34,2015,b,0.03438,68,80,36.75,2955
151102,CONTIG37,4200610,SN-2-92_S35,1992,b,0.08453,104,80,45.21195652173913,19565
151102,CONTIG37,4200610,SN-2-97_S37,1997,b,0.3778,48,38,21.197674418604652,246
151102,CONTIG37,4200610,SN-2-99_S38,1999,b,0.2318,114,80,47.00515463917526,2613
154915,CONTIG37,5159434,SN-1-02_S55,2002,a,0.1762,55,80,32.58518518518518,22420
154915,CONTIG37,5159434,SN-1-07_S23,2007,a,0.03255,71,80,37.609271523178805,62055
154915,CONTIG37,5159434,SN-1-08_S24,2008,a,0.3618,100,80,44.43888888888889,13656
154915,CONTIG37,5159434,SN-1-09_S25,2009,a,0.3534,94,80,43.21264367816092,8791
154915,CONTIG37,5159434,SN-1-10_S26,2010,a,0.3164,102,80,44.82967032967033,3956
154915,CONTIG37,5159434,SN-1-13_S56,2013,a,0.2148,17,28,10.555555555555555,777
154915,CONTIG37,5159434,SN-1-14_S27,2014,a,0.2193,53,80,31.872180451127818,110574
154915,CONTIG37,5159434,SN-1-97_S61,1997,a,0.5198,97,48,32.10344827586207,850
154915,CONTIG37,5159434,SN-1-99_S28,1999,a,0.4412,46,80,29.1984126984127,3306
154915,CONTIG37,5159434,SN-2-00_S29,2000,b,0.2064,42,80,27.5327868852459,24228
154915,CONTIG37,5159434,SN-2-02_S30,2002,b,0.2926,80,80,39.99375,4263
154915,CONTIG37,5159434,SN-2-07_S31,2007,b,0.2603,109,80,46.13227513227513,5214
154915,CONTIG37,5159434,SN-2-08_S32,2008,b,0.2692,98,80,44.03932584269663,3158
154915,CONTIG37,5159434,SN-2-15_S34,2015,b,0.4938,31,80,22.333333333333332,2955
154915,CONTIG37,5159434,SN-2-92_S35,1992,b,0.268,69,80,37.04026845637584,19565
154915,CONTIG37,5159434,SN-2-97_S37,1997,b,0.6125,34,38,17.930555555555557,246
154915,CONTIG37,5159434,SN-2-99_S38,1999,b,0.2253,91,80,42.567251461988306,2613
209194,CONTIG39,4554134,SN-1-02_S55,2002,a,0.1506,117,80,47.50761421319797,22420
209194,CONTIG39,4554134,SN-1-07_S23,2007,a,0.1355,101,80,44.6353591160221,62055
209194,CONTIG39,4554134,SN-1-08_S24,2008,a,0.1222,104,80,45.21195652173913,13656
209194,CONTIG39,4554134,SN-1-09_S25,2009,a,0.3046,106,80,45.586021505376344,8791
209194,CONTIG39,4554134,SN-1-10_S26,2010,a,0.21560000000000001,86,80,41.43975903614458,3956
209194,CONTIG39,4554134,SN-1-13_S56,2013,a,0.1492,25,28,13.18867924528302,777
209194,CONTIG39,4554134,SN-1-14_S27,2014,a,0.2047,81,80,40.24223602484472,110574
209194,CONTIG39,4554134,SN-1-97_S61,1997,a,0.3901,117,48,34.03030303030303,850
209194,CONTIG39,4554134,SN-1-99_S28,1999,a,0.1776,49,80,30.37984496124031,3306
209194,CONTIG39,4554134,SN-2-00_S29,2000,b,0.1489,52,80,31.507575757575758,24228
209194,CONTIG39,4554134,SN-2-02_S30,2002,b,0.3846,94,80,43.21264367816092,4263
209194,CONTIG39,4554134,SN-2-07_S31,2007,b,0.1811,108,80,45.952127659574465,5214
209194,CONTIG39,4554134,SN-2-08_S32,2008,b,0.2681,80,80,39.99375,3158
209194,CONTIG39,4554134,SN-2-15_S34,2015,b,0.1258,46,80,29.1984126984127,2955
209194,CONTIG39,4554134,SN-2-92_S35,1992,b,0.155,69,80,37.04026845637584,19565
209194,CONTIG39,4554134,SN-2-97_S37,1997,b,0.504,28,38,16.106060606060606,246
209194,CONTIG39,4554134,SN-2-99_S38,1999,b,0.3171,108,80,45.952127659574465,2613
244916,CONTIG41,1994880,SN-1-02_S55,2002,a,0.08967,87,80,41.67065868263473,22420
244916,CONTIG41,1994880,SN-1-07_S23,2007,a,0.02731,90,80,42.34705882352941,62055
244916,CONTIG41,1994880,SN-1-08_S24,2008,a,0.1064,138,80,50.637614678899084,13656
244916,CONTIG41,1994880,SN-1-09_S25,2009,a,0.1187,132,80,49.806603773584904,8791
244916,CONTIG41,1994880,SN-1-10_S26,2010,a,0.1436,102,80,44.82967032967033,3956
244916,CONTIG41,1994880,SN-1-13_S56,2013,a,0.1099,26,28,13.462962962962964,777
244916,CONTIG41,1994880,SN-1-14_S27,2014,a,0.03685,114,80,47.00515463917526,110574
244916,CONTIG41,1994880,SN-1-97_S61,1997,a,0.2226,87,48,30.925925925925927,850
244916,CONTIG41,1994880,SN-1-99_S28,1999,a,0.158,49,80,30.37984496124031,3306
244916,CONTIG41,1994880,SN-2-00_S29,2000,b,0.1673,58,80,33.61594202898551,24228
244916,CONTIG41,1994880,SN-2-02_S30,2002,b,0.1951,90,80,42.34705882352941,4263
244916,CONTIG41,1994880,SN-2-07_S31,2007,b,0.1279,107,80,45.77005347593583,5214
244916,CONTIG41,1994880,SN-2-08_S32,2008,b,0.1328,103,80,45.021857923497265,3158
244916,CONTIG41,1994880,SN-2-15_S34,2015,b,0.06126,33,80,23.353982300884955,2955
244916,CONTIG41,1994880,SN-2-92_S35,1992,b,0.09591,71,80,37.609271523178805,19565
244916,CONTIG41,1994880,SN-2-97_S37,1997,b,0.3589,18,38,12.196428571428571,246
244916,CONTIG41,1994880,SN-2-99_S38,1999,b,0.2012,102,80,44.82967032967033,2613
249442,CONTIG41,3010924,SN-1-02_S55,2002,a,0.1784,82,80,40.48765432098765,22420
249442,CONTIG41,3010924,SN-1-07_S23,2007,a,0.1527,70,80,37.32666666666667,62055
249442,CONTIG41,3010924,SN-1-08_S24,2008,a,0.2485,142,80,51.166666666666664,13656
249442,CONTIG41,3010924,SN-1-09_S25,2009,a,0.3086,111,80,46.4869109947644,8791
249442,CONTIG41,3010924,SN-1-10_S26,2010,a,0.163,114,80,47.00515463917526,3956
249442,CONTIG41,3010924,SN-1-13_S56,2013,a,0.06375,20,28,11.645833333333334,777
249442,CONTIG41,3010924,SN-1-14_S27,2014,a,0.184,58,80,33.61594202898551,110574
249442,CONTIG41,3010924,SN-1-97_S61,1997,a,0.4049,74,48,29.10655737704918,850
249442,CONTIG41,3010924,SN-1-99_S28,1999,a,0.1974,19,80,15.343434343434344,3306
249442,CONTIG41,3010924,SN-2-00_S29,2000,b,0.2103,60,80,34.27857142857143,24228
249442,CONTIG41,3010924,SN-2-02_S30,2002,b,0.3973,86,80,41.43975903614458,4263
249442,CONTIG41,3010924,SN-2-07_S31,2007,b,0.3118,94,80,43.21264367816092,5214
249442,CONTIG41,3010924,SN-2-08_S32,2008,b,0.1469,93,80,43,3158
249442,CONTIG41,3010924,SN-2-15_S34,2015,b,0.3854,40,80,26.658333333333335,2955
249442,CONTIG41,3010924,SN-2-92_S35,1992,b,0.06285,78,80,39.4873417721519,19565
249442,CONTIG41,3010924,SN-2-97_S37,1997,b,0.4429,21,38,13.508474576271187,246
249442,CONTIG41,3010924,SN-2-99_S38,1999,b,0.338,110,80,46.310526315789474,2613
250261,CONTIG41,3193548,SN-1-02_S55,2002,a,0.282,90,80,42.34705882352941,22420
250261,CONTIG41,3193548,SN-1-07_S23,2007,a,0.02823,86,80,41.43975903614458,62055
250261,CONTIG41,3193548,SN-1-08_S24,2008,a,0.2278,142,80,51.166666666666664,13656
250261,CONTIG41,3193548,SN-1-09_S25,2009,a,0.3327,91,80,42.567251461988306,8791
250261,CONTIG41,3193548,SN-1-10_S26,2010,a,0.1776,99,80,44.24022346368715,3956
250261,CONTIG41,3193548,SN-1-13_S56,2013,a,0.1228,23,28,12.607843137254902,777
250261,CONTIG41,3193548,SN-1-14_S27,2014,a,0.08574,68,80,36.75,110574
250261,CONTIG41,3193548,SN-1-97_S61,1997,a,0.4382,75,48,29.260162601626018,850
250261,CONTIG41,3193548,SN-1-99_S28,1999,a,0.3736,36,80,24.81896551724138,3306
250261,CONTIG41,3193548,SN-2-00_S29,2000,b,0.4031,48,80,29.9921875,24228
250261,CONTIG41,3193548,SN-2-02_S30,2002,b,0.2736,82,80,40.48765432098765,4263
250261,CONTIG41,3193548,SN-2-07_S31,2007,b,0.3327,91,80,42.567251461988306,5214
250261,CONTIG41,3193548,SN-2-08_S32,2008,b,0.2692,87,80,41.67065868263473,3158
250261,CONTIG41,3193548,SN-2-15_S34,2015,b,0.3292,38,80,25.75423728813559,2955
250261,CONTIG41,3193548,SN-2-92_S35,1992,b,0.4158,75,80,38.70322580645161,19565
250261,CONTIG41,3193548,SN-2-97_S37,1997,b,0.6496,26,38,15.421875,246
250261,CONTIG41,3193548,SN-2-99_S38,1999,b,0.3911,100,80,44.43888888888889,2613
288827,CONTIG43,2206648,SN-1-02_S55,2002,a,0.2194,98,80,44.03932584269663,22420
288827,CONTIG43,2206648,SN-1-07_S23,2007,a,0.09171,85,80,41.2060606060606,62055
288827,CONTIG43,2206648,SN-1-08_S24,2008,a,0.2161,104,80,45.21195652173913,13656
288827,CONTIG43,2206648,SN-1-09_S25,2009,a,0.238,111,80,46.4869109947644,8791
288827,CONTIG43,2206648,SN-1-10_S26,2010,a,0.1564,81,80,40.24223602484472,3956
288827,CONTIG43,2206648,SN-1-13_S56,2013,a,0.1133,17,28,10.555555555555555,777
288827,CONTIG43,2206648,SN-1-14_S27,2014,a,0.3094,66,80,36.157534246575345,110574
288827,CONTIG43,2206648,SN-1-97_S61,1997,a,0.4028,106,48,33.032467532467535,850
288827,CONTIG43,2206648,SN-1-99_S28,1999,a,0.4748,51,80,31.137404580152673,3306
288827,CONTIG43,2206648,SN-2-00_S29,2000,b,0.233,71,80,37.609271523178805,24228
288827,CONTIG43,2206648,SN-2-02_S30,2002,b,0.3411,109,80,46.13227513227513,4263
288827,CONTIG43,2206648,SN-2-07_S31,2007,b,0.258,87,80,41.67065868263473,5214
288827,CONTIG43,2206648,SN-2-08_S32,2008,b,0.3889,98,80,44.03932584269663,3158
288827,CONTIG43,2206648,SN-2-15_S34,2015,b,0.1794,54,80,32.23134328358209,2955
288827,CONTIG43,2206648,SN-2-92_S35,1992,b,0.08763,89,80,42.124260355029584,19565
288827,CONTIG43,2206648,SN-2-97_S37,1997,b,0.5029,30,38,16.75,246
288827,CONTIG43,2206648,SN-2-99_S38,1999,b,0.3404,115,80,47.174358974358974,2613
308275,CONTIG43,5840546,SN-1-02_S55,2002,a,0.1006,97,80,43.836158192090394,22420
308275,CONTIG43,5840546,SN-1-07_S23,2007,a,0.3107,88,80,41.898809523809526,62055
308275,CONTIG43,5840546,SN-1-08_S24,2008,a,0.1015,135,80,50.22790697674419,13656
308275,CONTIG43,5840546,SN-1-09_S25,2009,a,0.05228,113,80,46.83419689119171,8791
308275,CONTIG43,5840546,SN-1-10_S26,2010,a,0.1107,97,80,43.836158192090394,3956
308275,CONTIG43,5840546,SN-1-13_S56,2013,a,0.1811,31,28,14.694915254237289,777
308275,CONTIG43,5840546,SN-1-14_S27,2014,a,0.05485,90,80,42.34705882352941,110574
308275,CONTIG43,5840546,SN-1-97_S61,1997,a,0.3317,123,48,34.52046783625731,850
308275,CONTIG43,5840546,SN-1-99_S28,1999,a,0.2852,44,80,28.379032258064516,3306
308275,CONTIG43,5840546,SN-2-00_S29,2000,b,0.1195,65,80,35.855172413793106,24228
308275,CONTIG43,5840546,SN-2-02_S30,2002,b,0.09954,98,80,44.03932584269663,4263
308275,CONTIG43,5840546,SN-2-07_S31,2007,b,0.1974,104,80,45.21195652173913,5214
308275,CONTIG43,5840546,SN-2-08_S32,2008,b,0.1821,102,80,44.82967032967033,3158
308275,CONTIG43,5840546,SN-2-15_S34,2015,b,0.3362,46,80,29.1984126984127,2955
308275,CONTIG43,5840546,SN-2-92_S35,1992,b,0.2715,79,80,39.742138364779876,19565
308275,CONTIG43,5840546,SN-2-97_S37,1997,b,0.4428,32,38,17.357142857142858,246
308275,CONTIG43,5840546,SN-2-99_S38,1999,b,0.2407,122,80,48.31188118811881,2613
308276,CONTIG43,5840550,SN-1-02_S55,2002,a,0.1075,100,80,44.43888888888889,22420
308276,CONTIG43,5840550,SN-1-07_S23,2007,a,0.3218,88,80,41.898809523809526,62055
308276,CONTIG43,5840550,SN-1-08_S24,2008,a,0.09287,137,80,50.50230414746544,13656
308276,CONTIG43,5840550,SN-1-09_S25,2009,a,0.04826,123,80,48.467980295566505,8791
308276,CONTIG43,5840550,SN-1-10_S26,2010,a,0.116,101,80,44.6353591160221,3956
308276,CONTIG43,5840550,SN-1-13_S56,2013,a,0.187,30,28,14.46551724137931,777
308276,CONTIG43,5840550,SN-1-14_S27,2014,a,0.05484,90,80,42.34705882352941,110574
308276,CONTIG43,5840550,SN-1-97_S61,1997,a,0.3344,122,48,34.44117647058823,850
308276,CONTIG43,5840550,SN-1-99_S28,1999,a,0.279,45,80,28.792,3306
308276,CONTIG43,5840550,SN-2-00_S29,2000,b,0.1045,65,80,35.855172413793106,24228
308276,CONTIG43,5840550,SN-2-02_S30,2002,b,0.09859,99,80,44.24022346368715,4263
308276,CONTIG43,5840550,SN-2-07_S31,2007,b,0.2193,107,80,45.77005347593583,5214
308276,CONTIG43,5840550,SN-2-08_S32,2008,b,0.1786,104,80,45.21195652173913,3158
308276,CONTIG43,5840550,SN-2-15_S34,2015,b,0.3361,46,80,29.1984126984127,2955
308276,CONTIG43,5840550,SN-2-92_S35,1992,b,0.2564,76,80,38.967948717948715,19565
308276,CONTIG43,5840550,SN-2-97_S37,1997,b,0.4262,31,38,17.057971014492754,246
308276,CONTIG43,5840550,SN-2-99_S38,1999,b,0.2408,122,80,48.31188118811881,2613
327459,CONTIG44,202446,SN-1-02_S55,2002,a,0.116,50,80,30.76153846153846,22420
327459,CONTIG44,202446,SN-1-07_S23,2007,a,0.3737,36,80,24.81896551724138,62055
327459,CONTIG44,202446,SN-1-08_S24,2008,a,0.4659,52,80,31.507575757575758,13656
327459,CONTIG44,202446,SN-1-09_S25,2009,a,0.1076,54,80,32.23134328358209,8791
327459,CONTIG44,202446,SN-1-10_S26,2010,a,0.4577,40,80,26.658333333333335,3956
327459,CONTIG44,202446,SN-1-13_S56,2013,a,0.08304,13,28,8.853658536585366,777
327459,CONTIG44,202446,SN-1-14_S27,2014,a,0.04104,54,80,32.23134328358209,110574
327459,CONTIG44,202446,SN-1-97_S61,1997,a,0.4603,82,48,30.26923076923077,850
327459,CONTIG44,202446,SN-1-99_S28,1999,a,0.4233,27,80,20.177570093457945,3306
327459,CONTIG44,202446,SN-2-00_S29,2000,b,0.446,30,80,21.80909090909091,24228
327459,CONTIG44,202446,SN-2-02_S30,2002,b,0.5174,20,80,15.99,4263
327459,CONTIG44,202446,SN-2-07_S31,2007,b,0.4508,45,80,28.792,5214
327459,CONTIG44,202446,SN-2-08_S32,2008,b,0.09629,30,80,21.80909090909091,3158
327459,CONTIG44,202446,SN-2-15_S34,2015,b,0.2468,27,80,20.177570093457945,2955
327459,CONTIG44,202446,SN-2-92_S35,1992,b,0.4285,52,80,31.507575757575758,19565
327459,CONTIG44,202446,SN-2-97_S37,1997,b,0.5684,23,38,14.311475409836065,246
327459,CONTIG44,202446,SN-2-99_S38,1999,b,0.5525,58,80,33.61594202898551,2613
342628,CONTIG44,3263171,SN-1-02_S55,2002,a,0.1269,69,80,37.04026845637584,22420
342628,CONTIG44,3263171,SN-1-07_S23,2007,a,0.04873,43,80,27.959349593495936,62055
342628,CONTIG44,3263171,SN-1-08_S24,2008,a,0.08888,121,80,48.15422885572139,13656
342628,CONTIG44,3263171,SN-1-09_S25,2009,a,0.1437,102,80,44.82967032967033,8791
342628,CONTIG44,3263171,SN-1-10_S26,2010,a,0.23,102,80,44.82967032967033,3956
342628,CONTIG44,3263171,SN-1-13_S56,2013,a,0.2147,17,28,10.555555555555555,777
342628,CONTIG44,3263171,SN-1-14_S27,2014,a,0.05867,51,80,31.137404580152673,110574
342628,CONTIG44,3263171,SN-1-97_S61,1997,a,0.2391,85,48,30.669172932330827,850
342628,CONTIG44,3263171,SN-1-99_S28,1999,a,0.2134,36,80,24.81896551724138,3306
342628,CONTIG44,3263171,SN-2-00_S29,2000,b,0.1233,55,80,32.58518518518518,24228
342628,CONTIG44,3263171,SN-2-02_S30,2002,b,0.1,68,80,36.75,4263
342628,CONTIG44,3263171,SN-2-07_S31,2007,b,0.1815,86,80,41.43975903614458,5214
342628,CONTIG44,3263171,SN-2-08_S32,2008,b,0.1784,82,80,40.48765432098765,3158
342628,CONTIG44,3263171,SN-2-15_S34,2015,b,0.05856,35,80,24.339130434782607,2955
342628,CONTIG44,3263171,SN-2-92_S35,1992,b,0.06351,62,80,34.92253521126761,19565
342628,CONTIG44,3263171,SN-2-97_S37,1997,b,0.2435,23,38,14.311475409836065,246
342628,CONTIG44,3263171,SN-2-99_S38,1999,b,0.3461,96,80,43.63068181818182,2613
370863,CONTIG44,10106498,SN-1-02_S55,2002,a,0.2265,60,80,34.27857142857143,22420
370863,CONTIG44,10106498,SN-1-07_S23,2007,a,0.3441,65,80,35.855172413793106,62055
370863,CONTIG44,10106498,SN-1-08_S24,2008,a,0.4523,106,80,45.586021505376344,13656
370863,CONTIG44,10106498,SN-1-09_S25,2009,a,0.5318,77,80,39.22929936305732,8791
370863,CONTIG44,10106498,SN-1-10_S26,2010,a,0.2369,99,80,44.24022346368715,3956
370863,CONTIG44,10106498,SN-1-13_S56,2013,a,0.354,59,28,18.977011494252874,777
370863,CONTIG44,10106498,SN-1-14_S27,2014,a,0.3142,65,80,35.855172413793106,110574
370863,CONTIG44,10106498,SN-1-97_S61,1997,a,0.6845,72,48,28.791666666666668,850
370863,CONTIG44,10106498,SN-1-99_S28,1999,a,0.3203,36,80,24.81896551724138,3306
370863,CONTIG44,10106498,SN-2-00_S29,2000,b,0.3395,31,80,22.333333333333332,24228
370863,CONTIG44,10106498,SN-2-02_S30,2002,b,0.4502,67,80,36.45578231292517,4263
370863,CONTIG44,10106498,SN-2-07_S31,2007,b,0.5053,85,80,41.2060606060606,5214
370863,CONTIG44,10106498,SN-2-08_S32,2008,b,0.3921,67,80,36.45578231292517,3158
370863,CONTIG44,10106498,SN-2-15_S34,2015,b,0.4377,87,80,41.67065868263473,2955
370863,CONTIG44,10106498,SN-2-92_S35,1992,b,0.5121,53,80,31.872180451127818,19565
370863,CONTIG44,10106498,SN-2-97_S37,1997,b,0.7202,22,38,13.916666666666666,246
370863,CONTIG44,10106498,SN-2-99_S38,1999,b,0.5952,77,80,39.22929936305732,2613
377731,CONTIG44,12137601,SN-1-02_S55,2002,a,0.07697,76,80,38.967948717948715,22420
377731,CONTIG44,12137601,SN-1-07_S23,2007,a,0.04606,67,80,36.45578231292517,62055
377731,CONTIG44,12137601,SN-1-08_S24,2008,a,0.1085,99,80,44.24022346368715,13656
377731,CONTIG44,12137601,SN-1-09_S25,2009,a,0.3352,108,80,45.952127659574465,8791
377731,CONTIG44,12137601,SN-1-10_S26,2010,a,0.21,93,80,43,3956
377731,CONTIG44,12137601,SN-1-13_S56,2013,a,0.2097,22,28,12.3,777
377731,CONTIG44,12137601,SN-1-14_S27,2014,a,0.1161,67,80,36.45578231292517,110574
377731,CONTIG44,12137601,SN-1-97_S61,1997,a,0.2731,103,48,32.735099337748345,850
377731,CONTIG44,12137601,SN-1-99_S28,1999,a,0.1879,41,80,27.09917355371901,3306
377731,CONTIG44,12137601,SN-2-00_S29,2000,b,0.06855,43,80,27.959349593495936,24228
377731,CONTIG44,12137601,SN-2-02_S30,2002,b,0.1535,89,80,42.124260355029584,4263
377731,CONTIG44,12137601,SN-2-07_S31,2007,b,0.1336,95,80,43.42285714285714,5214
377731,CONTIG44,12137601,SN-2-08_S32,2008,b,0.3431,94,80,43.21264367816092,3158
377731,CONTIG44,12137601,SN-2-15_S34,2015,b,0.2469,31,80,22.333333333333332,2955
377731,CONTIG44,12137601,SN-2-92_S35,1992,b,0.1975,64,80,35.548611111111114,19565
377731,CONTIG44,12137601,SN-2-97_S37,1997,b,0.3246,26,38,15.421875,246
377731,CONTIG44,12137601,SN-2-99_S38,1999,b,0.3534,94,80,43.21264367816092,2613
377810,CONTIG44,12154068,SN-1-02_S55,2002,a,0.1949,75,80,38.70322580645161,22420
377810,CONTIG44,12154068,SN-1-07_S23,2007,a,0.1696,63,80,35.23776223776224,62055
377810,CONTIG44,12154068,SN-1-08_S24,2008,a,0.08122,84,80,40.96951219512195,13656
377810,CONTIG44,12154068,SN-1-09_S25,2009,a,0.2538,69,80,37.04026845637584,8791
377810,CONTIG44,12154068,SN-1-10_S26,2010,a,0.2962,69,80,37.04026845637584,3956
377810,CONTIG44,12154068,SN-1-13_S56,2013,a,0.2971,25,28,13.18867924528302,777
377810,CONTIG44,12154068,SN-1-14_S27,2014,a,0.1608,42,80,27.5327868852459,110574
377810,CONTIG44,12154068,SN-1-97_S61,1997,a,0.2621,70,48,28.466101694915253,850
377810,CONTIG44,12154068,SN-1-99_S28,1999,a,0.4115,35,80,24.339130434782607,3306
377810,CONTIG44,12154068,SN-2-00_S29,2000,b,0.06473,31,80,22.333333333333332,24228
377810,CONTIG44,12154068,SN-2-02_S30,2002,b,0.2088,51,80,31.137404580152673,4263
377810,CONTIG44,12154068,SN-2-07_S31,2007,b,0.3347,58,80,33.61594202898551,5214
377810,CONTIG44,12154068,SN-2-08_S32,2008,b,0.3292,62,80,34.92253521126761,3158
377810,CONTIG44,12154068,SN-2-15_S34,2015,b,0.2743,35,80,24.339130434782607,2955
377810,CONTIG44,12154068,SN-2-92_S35,1992,b,0.2609,52,80,31.507575757575758,19565
377810,CONTIG44,12154068,SN-2-97_S37,1997,b,0.5104,20,38,13.086206896551724,246
377810,CONTIG44,12154068,SN-2-99_S38,1999,b,0.2981,52,80,31.507575757575758,2613
396960,CONTIG45,3707565,SN-1-02_S55,2002,a,0.2009,112,80,46.661458333333336,22420
396960,CONTIG45,3707565,SN-1-07_S23,2007,a,0.09865,79,80,39.742138364779876,62055
396960,CONTIG45,3707565,SN-1-08_S24,2008,a,0.402,112,80,46.661458333333336,13656
396960,CONTIG45,3707565,SN-1-09_S25,2009,a,0.3856,104,80,45.21195652173913,8791
396960,CONTIG45,3707565,SN-1-10_S26,2010,a,0.08656,90,80,42.34705882352941,3956
396960,CONTIG45,3707565,SN-1-13_S56,2013,a,0.1857,25,28,13.18867924528302,777
396960,CONTIG45,3707565,SN-1-14_S27,2014,a,0.2432,68,80,36.75,110574
396960,CONTIG45,3707565,SN-1-97_S61,1997,a,0.5202,144,48,35.994791666666664,850
396960,CONTIG45,3707565,SN-1-99_S28,1999,a,0.3921,67,80,36.45578231292517,3306
396960,CONTIG45,3707565,SN-2-00_S29,2000,b,0.256,53,80,31.872180451127818,24228
396960,CONTIG45,3707565,SN-2-02_S30,2002,b,0.1956,110,80,46.310526315789474,4263
396960,CONTIG45,3707565,SN-2-07_S31,2007,b,0.2539,104,80,45.21195652173913,5214
396960,CONTIG45,3707565,SN-2-08_S32,2008,b,0.3077,76,80,38.967948717948715,3158
396960,CONTIG45,3707565,SN-2-15_S34,2015,b,0.2468,43,80,27.959349593495936,2955
396960,CONTIG45,3707565,SN-2-92_S35,1992,b,0.278,102,80,44.82967032967033,19565
396960,CONTIG45,3707565,SN-2-97_S37,1997,b,0.5641,37,38,18.733333333333334,246
396960,CONTIG45,3707565,SN-2-99_S38,1999,b,0.4101,117,80,47.50761421319797,2613
401971,CONTIG45,4774846,SN-1-02_S55,2002,a,0.07595,77,80,39.22929936305732,22420
401971,CONTIG45,4774846,SN-1-07_S23,2007,a,0.06151,64,80,35.548611111111114,62055
401971,CONTIG45,4774846,SN-1-08_S24,2008,a,0.3402,118,80,47.67171717171717,13656
401971,CONTIG45,4774846,SN-1-09_S25,2009,a,0.139,77,80,39.22929936305732,8791
401971,CONTIG45,4774846,SN-1-10_S26,2010,a,0.2939,83,80,40.73006134969325,3956
401971,CONTIG45,4774846,SN-1-13_S56,2013,a,0.09893,20,28,11.645833333333334,777
401971,CONTIG45,4774846,SN-1-14_S27,2014,a,0.1117,52,80,31.507575757575758,110574
401971,CONTIG45,4774846,SN-1-97_S61,1997,a,0.3731,83,48,30.404580152671755,850
401971,CONTIG45,4774846,SN-1-99_S28,1999,a,0.1287,45,80,28.792,3306
401971,CONTIG45,4774846,SN-2-00_S29,2000,b,0.2468,43,80,27.959349593495936,24228
401971,CONTIG45,4774846,SN-2-02_S30,2002,b,0.2694,87,80,41.67065868263473,4263
401971,CONTIG45,4774846,SN-2-07_S31,2007,b,0.4299,84,80,40.96951219512195,5214
401971,CONTIG45,4774846,SN-2-08_S32,2008,b,0.3565,71,80,37.609271523178805,3158
401971,CONTIG45,4774846,SN-2-15_S34,2015,b,0.1073,45,80,28.792,2955
401971,CONTIG45,4774846,SN-2-92_S35,1992,b,0.06981,56,80,32.93382352941177,19565
401971,CONTIG45,4774846,SN-2-97_S37,1997,b,0.3247,32,38,17.357142857142858,246
401971,CONTIG45,4774846,SN-2-99_S38,1999,b,0.1461,107,80,45.77005347593583,2613
407200,CONTIG45,5912573,SN-1-02_S55,2002,a,0.1615,109,80,46.13227513227513,22420
407200,CONTIG45,5912573,SN-1-07_S23,2007,a,0.08306,94,80,43.21264367816092,62055
407200,CONTIG45,5912573,SN-1-08_S24,2008,a,0.2832,121,80,48.15422885572139,13656
407200,CONTIG45,5912573,SN-1-09_S25,2009,a,0.2366,120,80,47.995,8791
407200,CONTIG45,5912573,SN-1-10_S26,2010,a,0.1567,106,80,45.586021505376344,3956
407200,CONTIG45,5912573,SN-1-13_S56,2013,a,0.09599,20,28,11.645833333333334,777
407200,CONTIG45,5912573,SN-1-14_S27,2014,a,0.1345,65,80,35.855172413793106,110574
407200,CONTIG45,5912573,SN-1-97_S61,1997,a,0.2688,101,48,32.53020134228188,850
407200,CONTIG45,5912573,SN-1-99_S28,1999,a,0.1548,50,80,30.76153846153846,3306
407200,CONTIG45,5912573,SN-2-00_S29,2000,b,0.2229,61,80,34.60283687943262,24228
407200,CONTIG45,5912573,SN-2-02_S30,2002,b,0.2536,108,80,45.952127659574465,4263
407200,CONTIG45,5912573,SN-2-07_S31,2007,b,0.1727,79,80,39.742138364779876,5214
407200,CONTIG45,5912573,SN-2-08_S32,2008,b,0.3022,97,80,43.836158192090394,3158
407200,CONTIG45,5912573,SN-2-15_S34,2015,b,0.1925,40,80,26.658333333333335,2955
407200,CONTIG45,5912573,SN-2-92_S35,1992,b,0.1469,93,80,43,19565
407200,CONTIG45,5912573,SN-2-97_S37,1997,b,0.5536,43,38,20.160493827160494,246
407200,CONTIG45,5912573,SN-2-99_S38,1999,b,0.3235,115,80,47.174358974358974,2613
